Num Removed,Features,Components
0,1.0,1.0
1,1.0,1.0
2,1.0,1.0
3,1.0,1.0
4,1.0,1.0
5,1.0,1.0
6,1.0,1.0
7,1.0,1.0
8,1.0,1.0
9,1.0,1.0
10,1.0,1.0
11,1.0,1.0
12,1.0,1.0
13,1.0,1.0
14,0.8333333333333334,1.0
15,0.8333333333333334,1.0
16,0.6666666666666666,0.8333333333333334
17,0.6666666666666666,0.6666666666666666
18,0.5,0.6666666666666666
19,0.5,0.6666666666666666
20,0.5,0.6666666666666666
